{"time": "0:00:00.040682", "data": {"engine": {"speed": 0.08091307812493752, "rpm": 1304.4415317222997, "throttle": 0.882353, "running": true, "ignition": true}, "fluids": {"remainingFuel": 0.9999927867199077, "lowFuel": false, "lowFuelPressure": 0, "oilTemp": 80.07502064776382, "waterTemp": 80.05726009132742}, "transmission": {"actualGear": 1, "clutch": 1}, "brakes": {"brakePedalIntensity": 0, "parkingBrakeInput": 0, "esc": 0}, "lights": null, "gforce": {"gx_smooth_max": 0.03688547760248184, "gz2": -9.694249809909728, "gx": -0.03688547760248184, "gy": -0.0884171649813652, "type": "GForces", "gz": -9.779213905334473, "gy2": 0.0216719308808598, "gx2": 0.0008209740052635139}, "damage": {"lowpressure": false, "part_damage": [], "deform_group_damage": {"windshield_break": {"maxEvents": 2274.9999999999995, "damage": 0, "eventCount": 0, "invMaxEvents": 0.00043956043956043967}, "chmsl_break": {"maxEvents": 259.99999999999994, "damage": 0, "eventCount": 0, "invMaxEvents": 0.003846153846153847}, "driveshaft_F": {"maxEvents": 99.99999999999999, "damage": 0, "eventCount": 0, "invMaxEvents": 0.010000000000000002}, "taillight_L_break": {"maxEvents": 499.99999999999994, "damage": 0, "eventCount": 0, "invMaxEvents": 0.002}, "bumpersignal_FR_break": {"maxEvents": 799.9999999999999, "damage": 0, "eventCount": 0, "invMaxEvents": 0.0012500000000000002}, "radiator_damage": {"maxEvents": 259.99999999999994, "damage": 0, "eventCount": 0, "invMaxEvents": 0.003846153846153847}, "driveshaft": {"maxEvents": 99.99999999999999, "damage": 0, "eventCount": 0, "invMaxEvents": 0.010000000000000002}, "doorglass_FR_break": {"maxEvents": 479.99999999999994, "damage": 0, "eventCount": 0, "invMaxEvents": 0.0020833333333333337}, "headlightglass_L_break": {"maxEvents": 1099.9999999999998, "damage": 0, "eventCount": 0, "invMaxEvents": 0.0009090909090909093}, "fendersignal_L_break": {"maxEvents": 366.6666666666665, "damage": 0, "eventCount": 0, "invMaxEvents": 0.0027272727272727284}, "taillight_R_break": {"maxEvents": 499.99999999999994, "damage": 0, "eventCount": 0, "invMaxEvents": 0.002}, "reardoorglass_L_break": {"maxEvents": 633.3333333333333, "damage": 0, "eventCount": 0, "invMaxEvents": 0.0015789473684210528}, "doorglass_FL_break": {"maxEvents": 479.99999999999994, "damage": 0, "eventCount": 0, "invMaxEvents": 0.0020833333333333337}, "bumpersignal_FL_break": {"maxEvents": 799.9999999999999, "damage": 0, "eventCount": 0, "invMaxEvents": 0.0012500000000000002}, "engbay_break": {"maxEvents": 399.99999999999994, "damage": 0, "eventCount": 0, "invMaxEvents": 0.0025000000000000005}, "fendersignal_R_break": {"maxEvents": 366.6666666666665, "damage": 0, "eventCount": 0, "invMaxEvents": 0.0027272727272727284}, "reardoorglass_R_break": {"maxEvents": 633.3333333333333, "damage": 0, "eventCount": 0, "invMaxEvents": 0.0015789473684210528}, "headlightglass_R_break": {"maxEvents": 1099.9999999999998, "damage": 0, "eventCount": 0, "invMaxEvents": 0.0009090909090909093}}, "type": "Damage", "damage": 0, "damage_ext": 0}, "position and direction": {"position": {"x": -0.00011735825682990253, "y": 0.0004894252051599324, "z": 0.15777166187763214}, "direction": {"steering": 0, "x": 0.7071838974952698, "y": -0.7070276737213135, "z": 0.0016414043493568897}}}}
